dbn,comments
19K065,['AMAZING SCHOOL!!!!!!PERIOD..']
19K089,"['City Council Speaker Corey Johnson referenced PS/IS 89 as a school with a successful greenhouse where students learn to understand the value of fresh food in growing and eating it. <a href=""https://brooklyneagle.com/articles/2019/08/01/food-is-love-council-speaker-unveils-multi-pronged-plan-to-increase-food-equity/?utm_source=newsletter&utm_medium=email&utm_campaign=cb_bureau_ny"">The Brooklyn Eagle</a> writes that Council Speaker Johnson hopes to address healthy food insecurity in more schools with strategies that have already been put in place at PS/IS 89 that make it known for its nutritional programming.', 'My name is Vicki Becker. I am an art teacher/ATR who is very impressed by how well this school is run. I feel safe and the teachers are excellent communicators teaching in Spanish and in English alternating weeks. The students try their best and almost all of them really respect me. I highly recommend this school to anyone!', ""I've been going to this school since k-8th grade. I'd say that this school is a better elementary school than middle school."", 'PS/IS 89 student Edward Avelino visited Brooklyn College with Chancellor Carmen Fari√±a and a group of other seventh graders who are part of a city-wide initiative promoting middle school college visits <a href=http://www.ny1.com/nyc/all-boroughs/education/2017/01/19/group-of-seventh-grade-public-school-students-tours-brooklyn-college.html?utm_source=Master+Mailing+List&utm_campaign=c069ebd531-EMAIL_CAMPAIGN_2017_01_20&utm_medium=email&utm_term=0_23e3b96952-c069ebd531-75750697>New York 1 News reports</a>.', 'This school has helped me so much. I graduated this year with the ability of speaking Spanish and English fluently, and I know it will help me later in life. I would definitely recommend this school to everyone, the teachers here are very respectful and they make learning fun, the kids sometimes do get very rowdy but the teachers help everything stay in control, and everyone is so helpful. I have never suffered bulling here and I have found my group of best friends. There is a lot of diversity and I will really miss this school. It is very clean, and has a homie feeling to it, with a very panoramic view in the fourth floor. We also have a greenhouse which the younger grades visit and help take care of and also a peer mediation program where the peer mediators help students solve their problems and come to solutions. We also have a medium sized library where my love for books came from, the librarian Ms.Marla is super nice and helpful and she can recommend you any book you want. This school leaves you feeling prepared to enter the ""real world"" with inalienable experiences, knowledge, and friendships. The only thing I don\'t like is that this school is a participant in the Wellness in the SchoolsCook for Kids program, which replaces the traditional cafeteria menu with a healthy menu, which is very unappetizing for us but  I usually brought my own lunch. Other than that I LOVE PS89!!!!!!!', ""This is school is the best there no school like ps.89 full of care love and peace my life is so happy since i've go to ps.89 in 2010"", ""I love this school too, i wish i didn't have to graduate this year!"", 'Chancellor Carmen Fari√±a announced 73 schools selected to join\nthe Learning Partners Program, an innovative and collaborative\ninitiative that brings schools together to share practices to improve learning\nin the classroom and raise student outcomes. Through the program, one host school with strong practices in a particular focus area will support two partner schools seeking to strengthen their own practices in that area. P.S. 89 Cypress Hills was chosen to host M.S. 390 and Citizens of the World Charter School 1. Read more <a href=""http://schools.nyc.gov/Offices/mediarelations/NewsandSpeeches/2014-2015/Chancellor+Fari√±a+Announces+73+Schools+in+Learning+Partners+Program+for+2014‚Äì15+School+Year.htm"">here</a>.']"
19K108,[]
19K149,"['from what I know, this school seems to be going downhill unfortunately.  my child will not be attending it anymore.', ""I also attended this school in the 80s I also love this school..my 4th grade teacher mrs rose was the best.i wonder if she's still there I used to have sleep overs at her home on long island I really enjoy the memories ps 149 has given me"", 'How is it now I wonder? That was 11 years ago.']"
19K158,"['I went  to this school many many years ago loved it then. Lived right across the street from there..', 'P.S. 158 Warwick has been selected to participate in the Department of Education\'s Community Schools initiative, aimed at boosting attendance and achievement by bringing in community partners to provide support for students and families. P.S. 158 Warwick\'s partner is Grand Street Settlement.  Read more about the program <a href=""http://ny.chalkbeat.org/2014/12/01/partner-groups-will-help-45-community-schools-transform-into-service-hubs/#.VIsbaIt938H"">here</a>. and see the full list of schools, their community partners and their proposed services <a href=""http://schools.nyc.gov/AboutUs/schools/communityschools"">here</a>.', 'A parent of P.S. 158 is challenging the state in court over laws effectively creating lifetime job protection for teachers. This parent had twin girls in P.S. 158 and feels that the inconsistent teaching methods put one of the twins at a disadvantage. Read more <a href=""http://www.nydailynews.com/opinion/suing-overhaul-tenure-article-1.1889002#ixzz39RWANwam"">here</a>.']"
19K159,"[""Child safety is not their concern children are being lined up outside the school with no supervision parents standing around in cluster where as children are unable to get in line because of this.  Security guard is either inside the school or standing at the top of the stairs the parent coordinator is never outside you only see her once in a while standing outside with the children. They have a empty school yard where the children can line up by class just like they use to what going to happen come winter, snow and the rain not to mention the cold. They have to stand outside until the parent coordinator come out and tell them to go in.  That's another thing she will tell the 4-5th graders to go into the school first while the 2nd graders have to stand outside. You see there is many men shelters in the area as a parent and grand parent you see all types of people hanging around the school so you don't know if these are the parents or pedophiles looking to snatch up and child. Child safety should be the principal and the parent coordinator priority. I'm so happy my grands will be transfer out of this school even though they excel in all area academically safety is more our concern especially when you unable to drop them off and have to wait with them being late even when you get there on time every morning. Still going to report this to the school chancellor, media and my elected official this need to be address. As I drive to work other schools are so organized in the morning lining up and discharging the student. P.S. 159 a change need to be made."", 'PS 159 used theater to teach English to  new immigrants, including those who speak Bengali. See pp. 12-13 of Brooklyn College newsletter from summer 2014\n\nhttp://www.brooklyn.cuny.edu/web/aca_education_general/ChalkboardSpringSummer14.pdf', 'The <a href=""http://schools.nyc.gov/Offices/mediarelations/NewsandSpeeches/2015-2016/Chancellor+Farina+Announces+38+New+Bilingual+Programs.htm"">Department of Education has announced</a> that PS 159 will have a Spanish dual language program from the start of the 2016-2017 school year.', 'we tells you this school PS159 is start 8:30 AND dismissal 2:50', 'Chancellor Carmen Fari√±a announced 73 schools selected to join\nthe Learning Partners Program, an innovative and collaborative\ninitiative that brings schools together to share practices to improve learning\nin the classroom and raise student outcomes. Through the program, one host school with strong practices in a particular focus area will support two partner schools seeking to strengthen their own practices in that area. PS 321 William Penn was chosen to host P.S. 009 Teunis G. Bergen and P.S. 159. Read more <a href=""http://schools.nyc.gov/Offices/mediarelations/NewsandSpeeches/2014-2015/Chancellor+Fari√±a+Announces+73+Schools+in+Learning+Partners+Program+for+2014‚Äì15+School+Year.htm"">here</a>.']"
19K171,"['<a href=""https://nypost.com/2018/06/27/principal-to-parents-im-only-passing-students-because-summer-school-too-expensive/"">The New York Post</a> reports on an odd letter IS 171 Principal Indira Mota sent out to parents, saying students passed but would be in summer school if the school had sufficient funds.', ""I remember one time when the boy had his phone üì± in science class and the teacher said she will get and give until someone picks it up but the boy made a big deal about it he made his mom come to the school and the mother started screaming at the teacher when the teacher was just doing the right thing. The teacher wanted to talk about the boys behaver since he was always rude, never did homework, was absent many times and was failing almost all of his classes. The mother didn't even care about that she was just screaming at the teacher to give her the phone back because it didn't belong to her. the teacher wasn't screaming the teacher was just calm trying to talk to her however the mother just got more crazy and in the end the mother got what she wanted."", ""I get involve in many discussions with students on helping the students but many students don't want the help"", ""The principle try's many things to keep the place a safe place the whole teachers and staff are üòä good, funny, and respectful people."", 'Many girl act like the are all that in the school and many boys think they could do anything. The students are act like the will like a teacher but behind their back the will be talking bad things about them. Many students skip classes. Like I said the teachers are not bad they teach very good in fact. The students are the ones who represent the school and they are the one who make the school look a specific way it could be a bad way or in a good way and in this school the students make the school a bad place for those who want to learn in a safe place where you will know there will be no fights.', ""This school is pretty bad school. I am currently in this school and I have seen many things here. First of all many of the student don't even care If they are failing the classes. Some girls end up pregnant at a young age. The student are rude and are disrespectful. The student will yell at the teacher and the teachers would not do anything to stop them. Many teachers are great and teach great, the only problem in the school is the students. There are fight about once a week. Many students bully other kids and many teacher don't even notice."", 'Oh my god I think I remember you Immigrant we were in 7th grade together ', '', 'Omg', 'naw bro were just joking the school is OK its just annoying', '', 'Is that so? My niece is gonna go to this school this september', ""i've been in IS. 171 since 6th grade i'm in 8th right now its currently 2016 i graduate in 7 months and its not that bad i don't know what others are talking about. yes, there might be a few incidents of bullying but they are addressed the school has taught me many things."", ""This school is terrible. They may say that there is no racism or fights or any type events where children are being bullied or hurt, but that's complete crap. my little brother's being bullied for his race, and there's nothing wrong with that. I mean, I've learned to embrace it and many of my friends have looked passed it. However, at this school, asians aren't looked upon as great. I swear to Jesus, punishments don't work on these little CHILDREN, YOU NEED TO EXPEL THEM. BECAUSE THESE LITTLE KIDS ARE THE MOST RUDE LITTLE CHILDREN YOU WILL EVER MEET.""]"
19K190,"['P.S. 190 landed on the state Education Department‚Äôs list of ‚Äúpersistently dangerous schools this year. Schools on the list have a high number of violent or disruptive incidents. Read more <a href=""http://www.nydailynews.com/new-york/education/city-schools-state-persistently-dangerous-list-article-1.1893403"">here</a>.']"
19K202,"['GOOD MORNING DO THIS SCHOOL HAVE AN AFTER SCHOOL PROGRAM INSIDE THE SCHOOL AND IF SO WHAT ARE THE HOURS', 'NYPD arrested and charged former Principal Machael Spencer-Edwards with assault, alleging he hit and kicked a child, the <a href=https://www.nytimes.com/2017/04/19/nyregion/principal-hit-and-kicked-7-year-old-officials-say.html?rref=collection%2Fsectioncollection%2Fnyregion&_r=0&utm_source=Master+Mailing+List&utm_campaign=a1cc65b1b9-EMAIL_CAMPAIGN_2017_04_20&utm_medium=email&utm_term=0_23e3b96952-a1cc65b1b9-75750697>New York Times reports</a>.', 'Principal Machael Spencer Edwards has come under fire for preventing students from participating in a Valentine\'s Day party if they were not wearing pajamas, reports the <a href=""http://nypost.com/2016/02/21/no-pajamas-no-party-heartless-principal-bans-kids-from-fun/"">NY Post.</a>']"
19K213,"['PS 213  is among the schools with the most improved 2017 state English test scores, <a href=https://www.chalkbeat.org/posts/ny/2017/08/28/eight-top-10-lists-from-new-york-citys-2017-state-test-scores/> Chalkbeat reports</a>.', 'PS 213 is one of four schools that remain on the 2016 ""persistently dangerous"" list, out of a previous 27 schools. Chalkbeat <a href=""http://www.chalkbeat.org/posts/ny/2016/08/02/only-four-new-york-city-schools-now-on-states-persistently-dangerous-list/#.V6Nfp5MrIkg"">reports.</a>', 'PS 213 New Lots is one of 27 New York City schools on the 2015-2016 list of schools considered to be ""persistently dangerous"" by the state Department of Education, based on the number of disruptive or violent incidents. Read more <a href=""http://www.dnainfo.com/new-york/20150813/upper-west-side/number-of-persistently-dangerous-city-schools-on-decline-state-says"">here</a>.', 'P.S. 213 landed on the state Education Department‚Äôs list of ‚Äúpersistently dangerous schools this year. Schools on the list have a high number of violent or disruptive incidents. Read more <a href=""http://www.nydailynews.com/new-york/education/city-schools-state-persistently-dangerous-list-article-1.1893403"">here</a>.']"
19K214,"['The Daily News tells the saga of a homeless girl who commuted from a shelter in Harlem the school that is near her former home. http://www.nydailynews.com/new-york/education/ny-metro-school-lifeline-for-homeless-family-after-brutal-eviction-20181026-story.html', 'Seven worn trailers continue to house 283 students at the school. The chancellor vows to get rid of all temporary classrooms by 2015 but it will be a difficult task. Read more: http://nyti.ms/1lArXLu']"
19K218,"['Good', 'Nice school, i would advice you to be in a group with friends cause if you make a few wrong turns you could become the laughing stock of the school or you could get jumped by a some of the kids there (like i did last year), but over all its a great school some of the teachers there are funny and if i had to say there two to three strict teachers only.', 'Please reconsider if you are planning to go to this school. The teachers try really hard but some students don\'t give their all and the school doesn\'t provide enough programs.I \'m just saying that they don\'t give you things that you may want or need. For example, they don\'t give you health classes, which I think it may come in handy or just to at least get a base off of the topic. They also don\'t give any classes to learn another language. I honestly think this school does nothing to solve whatever problems they have, for one, instead of giving something like ""explorers"" give us health classes, or language courses, give the students programs dealing with something career wise... Not everyone may want to have the same career, so this school should be more involved and take more interest as to what the students may like. The school should also reward the children who do very well in all classes, you cannot expect a child to constantly work. Take for example when in interviews for high schools and colleges, the student only has grades to show for themselves. The children who have good grades should also be able to become more creative and more outstanding as an individual. The number of students that roam the halls, are loud and distracting, and cause conflicts with other students should be taught more strictly because as a student that goes to this school, it doesn\'t seem like anything is being done to help any of these students. Please take these notes into consideration.', 'The <a href=""http://schools.nyc.gov/Offices/mediarelations/NewsandSpeeches/2015-2016/Chancellor+Farina+Announces+38+New+Bilingual+Programs.htm"">Department of Education has announced</a> that JHS 218 will have a Spanish dual language program from the start of the 2016-2017 school year.', 'i go to invictus and 218 always bothers us.these students have robbed  students in my school and the kids in this school are really bad  they always bother us. kids in 218 are in gangs and ive been punched in my face by a kid from there .they took my friend beats head phones.one of the kids in this school has a gun or at least  i seen a picture of him posed with one.this kid in my school got slapped for no reason . a  female student in there tried to fight my friend.my friend  has this expensiv designer belt and some kids tried to rob him  my other firend got whipped by some kids with a belt and canes and wait im not done my friend got slammed to the ground when he was in the park and some kids took his hat and threw it in the garbage. if your looking for  a school dont take this one into consideration these kids are terrorists when ever i am in fire drills or in the stair case with these kids i feel unsafe even the neighborhood is unsafe i dont know if these kids were from 218  but my teacher told me that when he got out of his car people screamed racial slurs at him like ""go back to your kind"" and ""cracker""  and one time i was walking home some kid told me and my group of friends ""get off my block"" and ran after us', 'I take it your not from east new york huh\n', 'I went there yearssss ago 1987 for 7th&8th grade. Though the neighborhood was veryyyy dangerous and yes there were many troubled kids, the school was excellent.  Back then there was an accelerated program where it enabled students take ninth grade classes in 8th grade.The school was limited with its resources but it had very dedicated teachers. Despite many obstacles, some students continued to private HS & specialized HS. Personally, I graduated from Brooklyn Technical HS a year early&completed all the requirements (including the major which back then was mandatory).\nI normally do not post comments anywhere,but I had to speak up for this school.  I am thankful for all their efforts.  I hope this school continues giving under privileged children a chance to succeed.', 'They are there to teach they are not bouncers. Its not their fault kids act like animals. Blame your peers for cutting into your eduaction not the teacher ijs', 'Ms Lannan retired this year.']"
19K224,[]
19K273,['Your the principsl of course your going to say that.']
19K290,"['The kids at ps 290in many classrooms with special needs are not supported or  kept safe  ; Poor budgeting; 10 paras in one classroom when parents complain the principal blames the teacher.  The principal has two AP‚Äôs and still can‚Äôt get it together. \n\nMany families have already left with their children. Some  of us parents  say-if it wasn‚Äôt for the great teachers that  keep the building running the school would be closed, sad principal Newell don‚Äôt know what she is doing .', 'The kids at ps 290in many classrooms with special needs are not supported or  kept safe  ; Poor budgeting; 10 paras in one classroom when parents complain the principal blames the teacher.  The principal has two AP‚Äôs and still can‚Äôt get it together. \n\nMany families have already left with their children. Some  of us parents  say-if it wasn‚Äôt for the great teachers who Keep the building running the school would be closer. It‚Äôs sad the principal don‚Äôt know what she is doing .', 'When the school has visits from the superintendent the principal puts on a pony show and. Ask parents to do her a favor to speak kindly about what she is doing at the school. She wants  To get a good rating so bad she won‚Äôt report dangerous things that happen to students   to the parents. In return she promise parents she will look out for their child and put them into a good class, with a good teacher.', 'True I was there Character day when McBryde  visited and it was all a show, I‚Äôm a parent and I‚Äôm there every day it‚Äôs never like that on other days. Trying to get my child into another school, the leadership here is inconsistent.', 'The teachers run the school, and the new  principal  never meets deadline she  constantly cancels annual events that was set in place by the former principal. Things that are on the calendar are always revised at the last minute or cackled and parents are tired of this. The children in many classrooms with special needs are not supported or  kept safe and when parents complain the principal blames the teacher.  The principal has 2 AP‚Äôs and still can‚Äôt get it together. Many families left but some stay if it wasn‚Äôt for the great teachers who run the building. It‚Äôs sad the principal don‚Äôt know what she is doing. She needs to go back to the classroom and teach.']"
19K292,"[""Also if you're gonna take the SHSAT, this school has the DREAM program in it. It sorta sucks but its better than nothing and it's free."", ""Overall, this school offers alot of opportunities( if you're in the honors class). they offer a lot of regents if you're in 711 and 811, algebra 1, earth science, us history, living environments, and geometry. if you wanna go here and actually do well, make sure to get into the honors class or you're pretty much screwed, and dumb. there are fights in the lunchroom, but i dont eat lunch so i hardly even deal with that problem. the problems are that 1.the bathrooms are gross 2.the teachers are super annoying sometimes 3.we have this new cirriculum, wit and wisdom and eureka math.it really sucks. so like if you ignore the classes that have students that fight all the time, you're safe."", 'What time do they start and finish', ""Well, I didn't really like this school first, however, there's a new principle this year and he is amazing! The assistant principles are also new (for those of you complaining about Ms.Nelson, she is not in this school anymore, she got replaced by Mrs. Mitchell). This school is a much better place now. If you get into the honors program, they will prepare you for the SHSAT since 6th grade. The guidance counselor is also amazing. He always makes sure that all the students are on track. More students also are graduating this year! Many people passed the SHSAT and got into some of the best schools in NYC (Stuyvesant, Brooklyn Tech) and also top regular schools like Townsend and Midwood (mostly from Class 811). So if you get into the honors program, you have nothing to worry about, this school is the right place for you!!!"", ""I actually go to this school and I hate it..... I'm an honor student and the principal let us play cards but doesn't let us wear jackets..... We can't even sit at a different table, there is an assistant principal named Ms.Nelson and everytime I try to talk to my cousin she always I mean always tell me to go back to my seat, but there are way more people than me that's at a different table so this school picks on innocent people so please I'm warning the people that want to go to this school..... DON'T"", 'A former teacher at IS 242 says he was wrongly charged with harassment and is now suing the city, the Department of Education and a superintendent, reports <a href=""http://nypost.com/2016/04/02/ex-teacher-sues-city-after-false-police-report-lands-him-in-jail/?utm_source=Master+Mailing+List&utm_campaign=a8a8989b92-EMAIL_CAMPAIGN_4_4_2016&utm_medium=email&utm_term=0_23e3b96952-a8a8989b92-75578181"">New York Post</a>.', 'The Soul Tigers Marching Band, a group made up of students from JS 292 and the UFT charter school which share the same building, have regained use of their practice space for their regular six weekly practices following negotiations with school administrators. Read more <a href=""http://www.dnainfo.com/new-york/20150206/east-new-york/brooklyn-school-restores-program-for-youth-marching-band-after-protests"">here.</a>', 'The Soul Tigers Marching Band have rallied after access to their practice space at JS 292 was reduced. The well-known marching band is made up of 60 students from JS 292 and the UFT charter school, which shares the building. Read more <a href=""http://www.dnainfo.com/new-york/20150122/east-new-york/brooklyn-youth-marching-band-protests-program-cuts"">here</a>.', 'This post is dated 3 years ago....when did this happen?']"
19K306,"['I went to this school 6 years ago for 4th and 5th grade. While at the school, I have been bullied, accused and stuff. In my opinion, I do not like this school. I currently live in Massachusetts. I love my school there and I have great friends.', ""okay so I was not happy with the info on this school I read online. so I went in person visited. I met with staff members and had a tour of the school. this school is a community school. now this may tern some people off. well let me turn you on. this school has many activities , programs, resources excel the children. I met with the principal dean assistant principal and parent cordinator, and counselor. principal doesn't believe in just putting a IEP or IAP (I forgot watt its called) on a child right away she makes sure there is a thorough evaluation of the child first. she questions the Childs teacher as to why he or she feels child needs that label. also special needs children are not thrown in a class with just special needs students. they are in a class with non special needs students and an extra teacher is added into the class. that's great. there's Camba program and another called jets. I love that the principal is ver much involved.  I found out this school. use to be a junior high. it is now just an elementary and grades and attendance are improving. I'm really considering transferring my kids out of their charter schools and putting them at ps 306 for 2020. feel free to ask me any questions. I will. be posting updates."", 'can someone post updated info', 'PS 306 is one of four schools that remain on the 2016 ""persistently dangerous"" list, out of a previous 27 schools. Chalkbeat <a href=""http://www.chalkbeat.org/posts/ny/2016/08/02/only-four-new-york-city-schools-now-on-states-persistently-dangerous-list/#.V6Nfp5MrIkg"">reports.</a>', 'To my opinion, this school is nothing more but a lazy, bipolar, and disorganized school! Students here have no idea on what they are doing nor on what theyes are attending. My reasons are as follows. As a student recently transfered, I have seen students curse out teachers, students skipping class, and even students talking to their teachers as if though they are their ""friends"". Not to mention but the Principal and Vice Principal both have different views on how to run the school.\nFor example, the Principal says, ""No Phones allowed!"" \nAfterwards the Vice Principal says, ""We are going to use out phones for school""\nThe students here have terrible grammar and very bad sense of description. The school allows this kind of nonsense to happen and we are not doing anything about it. \nIf the chancellor is reading this, it would be a special honor for you to visit our school and have your perspective on this school.\nthe bulletin boards have students who miss spell simple words and there sentences don\'t make any sense.\nAs a result this school is simply very unofficial.', 'Ninety-four low-performing schools are now called ‚ÄúRenewal Schools,‚Äù by DiBlasio. They will receive increased funds designated for an hour of additional learning time, after-school and summer programs, and teacher training. The principals will also be under review. Read more <a href=""http://ny.chalkbeat.org/2014/11/03/these-94-schools-are-set-to-receive-extra-funding-and-learning-time/#.VFqXM4c7X8E"">here</a>.', 'Students at PS 306 were among more than 100 students from 29 schools that presented ""citizen science"" experiments at the STEM Matters NYC Research Symposium at the Brooklyn Museum. Read more <a href=""http://www.nydailynews.com/new-york/education/stem/young-citizen-scientists-grade-stem-article-1.1814958"">here</a>.']"
19K325,[]
19K328,"['""State officials are illegally withholding millions of dollars"" from PS 328 and two other low-performing schools, according to a lawsuit filed against the State Education Department and state Division of Budget, <a href=""http://www.chalkbeat.org/posts/ny/2016/09/06/three-low-performing-new-york-city-schools-are-owed-millions-in-funding-lawsuit-claims/#.V9BJy_krK2x"">Chalkbeat reports</a>.', 'PS 328 has been removed from the state\'s list of ""persistently struggling schools"", reports <a href=""http://nypost.com/2016/03/13/failing-schools-escape-takeover-without-doing-anything-better/?utm_source=Master+Mailing+List&utm_campaign=1aa1c450db-Rise_Shine_More_master_teachers_to_recei3_14_2016&utm_medium=email&utm_term=0_23e3b96952-1aa1c450db-75578181"">New York Post</a>.', 'Sixty-two NYC schools could be taken over by outside groups within two years, and seven of those even sooner. PS 328 has been designated ‚ÄúPersistently struggling,‚Äù and now has a one-year deadline. Read more <a href=""http://ny.chalkbeat.org/2015/07/16/here-are-the-62-new-york-city-schools-that-could-be-taken-over-by-outside-groups/#.Vaz3jHiFL8F"">here</a>.', 'No third-grade students at PS 328 passed the state 2014 ELA exam. Read more <a href=""http://www.nydailynews.com/new-york/education/2-in-3-city-students-not-meeting-math-state-standards-article-1.2148748"">here.</a>', 'Ninety-four low-performing schools are now called ‚ÄúRenewal Schools,‚Äù by DiBlasio. They will receive increased funds designated for an hour of additional learning time, after-school and summer programs, and teacher training. The principals will also be under review. Read more <a href=""http://ny.chalkbeat.org/2014/11/03/these-94-schools-are-set-to-receive-extra-funding-and-learning-time/#.VFqXM4c7X8E"">here</a>.']"
19K345,"[""Ms. Holt is not an effective principal. This district 19 school needs a leader that teachers can go to and not be afraid of voicing concerns for students in fear of losing their jobs. School administration inadvertently or with intention violates DOE's guidelines and operating procedures. This is a concern that that hopefully District 19 - Superintendents Office can get involved in making some positive change."", 'PS 345 received $25,000 in federal grants to expand its dual language Spanish program beginning in September 2015. Read more about the city\'s new and expanded dual language programs <a href=""http://www.dnainfo.com/new-york/20150114/downtown-brooklyn/40-new-expanding-dual-language-programs-coming-nyc-schools"">here.</a>']"
19K346,"['The mother of a PS 346 student is suing the Department of Education after a teacher at the school allegedly forced her daughter to throw her sandwich in a garbage can and then pick it out and eat it. Read more <a href=""http://www.dnainfo.com/new-york/20150212/east-new-york/teacher-told-girl-toss-sandwich-garbage-then-eat-it-lawsuit-says"">here</a>.']"
19K364,"[""a alot has changed. if you're reading this, IS has became horror. I'm not just saying this because I'm from the school across from them. I'm not sure about them inside of school, but their behavior outside is horrifying.""]"
19K404,"[""Academy for Young Writers special education teacher Caleb Asomugha's unique background has allowed him to effectively engage with students and parents at the school, <a href=http://www.chalkbeat.org/posts/ny/2017/02/21/prayers-precision-and-push-ups-a-special-ed-teacher-puts-his-unusual-background-to-work-in-the-classroom/>Chalkbeat reports</a>."", 'English teacher Michelle Eisenberg is being honored with a New York Daily News  Hometown Heroes in Education award for launching the school\'s Gender-Sexuality Alliance (GSA), which is considered among the best in the country, the Daily News <a href=""http://www.nydailynews.com/new-york/education/hometown-heroes/brooklyn-teacher-builds-strong-network-lgbtq-students-article-1.2687948?utm_source=Master+Mailing+List&utm_campaign=a656246167-Rise_Shine_Coney_Island_students_are_get6_27_2016&utm_medium=email&utm_term=0_23e3b96952-a656246167-75745745"">reports</a>.', 'Academy for Young Writers is one of several NYC schools joining in a march on Tweed Courthouse in support of LGBT pride, the <a href=""http://www.nydailynews.com/new-york/education/nyc-schools-host-lgbt-pride-celebration-article-1.2681200?utm_source=Master+Mailing+List&utm_campaign=ca7bdb496e-Rise_Shine_6_21_2016&utm_medium=email&utm_term=0_23e3b96952-ca7bdb496e-75747313"">Daily News reports</a>.', 'Reality TV star and transgender activist Caitlyn Jenner visited Academy for Young Writers, where students challenged her to answer criticism of comments she has made about gay rights issues. <a href=""http://www.nytimes.com/2016/05/05/opinion/caitlyn-jenner-goes-to-school.html?utm_source=Master+Mailing+List&utm_campaign=db580b13c5-Rise_Shine_New_York_schools_aren_t_follo5_9_2016&utm_medium=email&utm_term=0_23e3b96952-db580b13c5-75578181"">The New York Times reports</a>.', '<a href=""http://www.nytimes.com/2015/06/11/opinion/nicholas-kristof-from-caitlyn-jenner-to-a-brooklyn-high-school.html?_r=0"">The New York Times celebrates</a> the safe and accepting space that Academy for Young Writers has created for LGTBQI youth.', 'Tenth- and 11th-grade earth science teacher Audrey Rabi Whitaker is a recipient of the 2015 Big Apple Award for excellence in teaching. Read more <a href=""http://schools.nyc.gov/Offices/BigAppleAwards/lastyear/default.htm"">here</a>.', 'This school is bad. Work is too easy and there are fight almost every week. Most teachers and principals allow cursing. I will transfer next year. Also it has only one sport for the high school; basketball. Many people are transferring. High school is one out of 3 schools in the building, and it is on the top floor. Elevator is not used by students. An overall bad school. DO NOT COME HERE!', 'Academy for Young Writer\'s has been selected to participate in the Department of Education\'s Community Schools initiative, aimed at boosting attendance and achievement by bringing in community partners to provide support for students and families. Academy for Young Writer\'s\'s partner is Pathway\'s to Leadership. Read more about the program <a href=""http://ny.chalkbeat.org/2014/12/01/partner-groups-will-help-45-community-schools-transform-into-service-hubs/#.VIsbaIt938H"">here</a>. and see the full list of schools, their community partners and their proposed services <a href=""http://schools.nyc.gov/AboutUs/schools/communityschools"">here</a>.', 'NO SPORTS NEED SPORTS NEED SPORTS LIKE BASKETBALL...', ""I see that you wrote this a long time ago. I am a parent looking for a challenging school for my daughter.  Can I ask where you transferred to that you liked? She has a talent for writing and I'm trying to find a school that will help her grow. Thank you!"", ""No there's no uniform"", ""Awwww poor child you sound like a airhead who don't want to actually learn. How could not doing any work, and still pass be a good thing? You must be from the PJ's and dream of being on welfare. I feel sorry for the kids who really want to learn. I'm sure you are one of the disrespectful bad apples! You have no ambitions and I blame that on your parents who are obviously ghetto uneducated hoodrats.""]"
19K409,"['its a good school but in 2014 the kids are starting to become ghetto \nwith see through shirts and tight pants plus the assistant principal \nMR.Yearwood is tooo mean. last is that they dont want sixth graders to \ngo into the pool.', 'Just to let you guys know enyfa is very BUMY and cant aford NOTHING!! for example i get a computer and ask for a charger but guess what i cant even get one!!!!!!!!! dont that bumy??????????????????', ""I think ENYFA Is a good school its just that the math teacher Mrs. Anderson likes to rush and some kids don't learn fast as others. Also Mr. Yearwood is VERY mean"", 'i like ENYFA but ms anderson,i believe that she needs to step her game upppp. i respect her but she can do better', 'ENYFA is a good school its just that - ms.Anderson dont teach me very well when i need help with certain things. other than that i like enyfa. and i feel like mr.Yard is a wonderful pricipal.', 'lol tru dat']"
19K422,"['I promise you there is a better choice. Taught here for a year and wanted to beg parents to pull their kids out. No learning occurs; no safety measures in place for anyone anywhere.', 'A former student filed suit in 2018 charging that she was raped at Spring Creek in 2015 when she was 13 and that the school‚Äôs founding principal, Christina Koza, minimized the severity of the problem, even as the boy distributed a video of the attack, The Daily News reported. https://www.nydailynews.com/new-york/education/ny-metro-brooklyn-student-sent-home-from-school-for-reporting-rape-suit-says-20180716-story.html\n\nThe New York Post had a similar story. https://nypost.com/2018/07/16/brooklyn-school-told-raped-girl-to-just-move-on-suit/', 'UPDATE: <a href=""https://nypost.com/2019/07/17/nyc-settles-shocking-classmate-rape-suit-for-300000/?utm_source=newsletter&utm_medium=email&utm_campaign=cb_bureau_ny"">The New York Post</a> reports that the city has agreed to settle the suit at $300 thousand. The agreement is waiting to be formalized.', 'Is this school safe in terms of fights, bullying, gang activity?', 'Absolutely not. I taught here for a year and those things are all-day everyday occurrences. The other school in the building AFYW is slightly better.', 'A federal complaint has been filed against the New York City Department of Education after an 8th grader at Spring Creek Community School was sent home when she reported a rape. Read the <a href=""http://www.buzzfeed.com/katiejmbaker/sent-home-from-middle-school-after-reporting-a-rape#.ppDzQ38Kb"">Buzzfeed report</a>.', 'There is now a lawsuit based on this incident. See the story about this in the Daily News: http://www.nydailynews.com/new-york/education/ny-metro-brooklyn-student-sent-home-from-school-for-reporting-rape-suit-says-20180716-story.html', 'Do 9th grade high schoolers have to wear uniform as well', 'Yes. It is a grey shirt instead of blue.', 'Spring Creek Community School has been selected to participate in the Department of Education\'s Community Schools initiative, aimed at boosting attendance and achievement by bringing in community partners to provide support for students and families. Spring Creek Community School\'s partner is Pathway\'s to Leadership. Read more about the program <a href=""http://ny.chalkbeat.org/2014/12/01/partner-groups-will-help-45-community-schools-transform-into-service-hubs/#.VIsbaIt938H"">here</a>. and see the full list of schools, their community partners and their proposed services <a href=""http://schools.nyc.gov/AboutUs/schools/communityschools"">here</a>.']"
19K452,"['BEST SCHOOL EVER!!!!!!!!!', ""As a student from FDA, I have to say that it's a pretty awesome school. Teachers wouldn't admit whose intelligence is better than such and such. Some of the counselors are very strict, but some people need it. They have fundraisers, like last year it was for autism and the walk for breast cancer in october. It's a lot of hard work, but trust me it'll be worth it. However, I do have a problem with the school building itself. 4 flights of stairs really?""]"
19K557,"['Brooklyn Gardens Elementary School has been selected to participate in the Department of Education\'s Community Schools initiative, aimed at boosting attendance and achievement by bringing in community partners to provide support for students and families. Brooklyn Gardens Elementary School\'s partner is Partnership with Children. Read more about the program <a href=""http://ny.chalkbeat.org/2014/12/01/partner-groups-will-help-45-community-schools-transform-into-service-hubs/#.VIsbaIt938H"">here</a>. and see the full list of schools, their community partners and their proposed services <a href=""http://schools.nyc.gov/AboutUs/schools/communityschools"">here</a>.']"
19K654,"['van siclen community middle school is a great school and the teachers try there hardest to make sure the students reach the standards.', 'Van Siclen now offers music classes during the school day, and is one of the many schools to benefit from WQXR\'s Instrument Drive. Read more on <a href=""http://www.blackenterprise.com/education/wqxr-instrument-drive-helps-students-hit-a-high-note/"">Black Enterprise</a>.', 'Multiple sources confirm the blog report.  This principal bullies her staff.  That type of management sets a negative environment.', ""That's true though. Multiple teachers have left the school or been forced out."", 'multiple sources-Do you mean the same discontinued guidance counselor letter which several blogs have posted?  Or do you mean the stats from the NYCDOE which state how staff, students and parents feel about the school and administration- http://schools.nyc.gov/OA/SchoolReports/2015-16/Survey_2016_K654.pdf', 'Thank you ""Concerned Parent."" However ,just because 31% of the school population has special needs doesn\'t necessarily mean that they need GUIDANCE. And just because an article is written on a blog doesn\'t necessarily make it the truth!! We are pretty sure that these allegations have been handled by the appropriate authorities. We are also pretty sure your child doesn\'t attend our school but feel free to visit us!', '31% of the school needs special education but the school cannot handle administering all those services.  Read this report: http://dtoe.org/2014/04/25/carmens-doe-takes-another-young-career/']"
19K661,"[""I hope that Vista has gotten better. I was a teacher here in the 2014-15 school year and it was terrible. The principal ruled with fear and intimidation. She used emotional manipulation to control her staff, and she had her band of compliant minions feeding her information and co-running the school. It was terrible. Check out the school's high teacher turnover rate. She once cut the hood off a scholar with scissors because she wanted his hood off. She allowed them to chew gum then turned over all the tables and made them pick the gum from under the tables. It was a nightmare."", '""Vista Academy and other schools in East New York participate in a pilot program; the initiative introduces mindfulness and meditation practice into the school‚Äôs curriculum,"" <a href=""https://www.bkreader.com/2019/04/05/bp-adams-launches-pilot-program-to-bring-mindfulness-to-east-brooklyn-schools/"">BK Reader </a> reports.']"
19K662,"[""Y'all should update the schools website. It's improved a lot it terms of Regent's and other areas. 4 regents are now offered along with the ability to take the algebra regents in 7th grade. The academic rigor of those classes is great. Also, some of the pictures you included are from vista, specifically those with the blue uniforms. Finally, just wanna end this off by saying we got a decent lot of kids who got into specialized high schools. That's it, goodbye"", '‚Äústudents feel safe in school‚Äù this is a lie because this school has a lot of immature students ( statements of what teachers have said to us ) who some can‚Äôt even work together. Most of the students can be violent in school. You always have people talking about you and about your looks. I will admit The school is very strict when it comes to learning and the safety of students. ‚ÄúClasses are calm and students are engaged‚Äù also false information because you always have teens who always scream, be disrespectful to teachers and students (such as cursing to them). This school is ok but atleast be honest with the Information that your giving out to the public. \n\n-My identity will be kept anonymous for a lot of reasons thank you and good bye :)', 'Thank you for sharing your experience at this school. Some of the information in our reviews is based on data collected from school-wide surveys and some is based on an in-person visit. However, there are always things we may miss and that is why inside input is valuable.', 'I‚Äôm currently still in the school as a student, my last year actually. I just wanted to point out a few information that needed to be said. And some of the surveys we take at the school are not even considered surveys because we aren‚Äôt allowed to choose what we want. The teachers (or the people who give out the surveys) always make us choose 3 or 4 ( 3 meaning good and 4 meaning excellent). And the surveys that the teachers make us choose 3 or 4 are mostly about the school.And the reason on why Im being kept anonymous is because I don‚Äôt want any trouble with the teachers or the deans for letting out this much information about the school. So yea those will be my final thoughts for now good bye.', 'Again, thank you for sharing all of this -- your opinions and experiences are valid, and  will be shared with anyone who comes on the site to read them! Your anonymity is not a problem and we hope your experience in high school is more positive.', 'Hi do anybody know anything about this school I wanted to rank this school as my daughter first choice on her middle school application.thank you so much in advance']"
19K663,['Teacher career over because of student not raised properly \nhttps://www.newsweek.com/new-york-city-teacher-brooklyn-school-future-arrested-allegedly-kicking-student-1475688']
19K677,"['Former principal Judy Touzin and the principal of MS 57 have written about their experiences partnering with the Uncommon Charter School Network in an initiative sponsored by the state education department. Read the article <a href=""http://www.nydailynews.com/opinion/douglas-wheeler-touzin-learn-charters-article-1.2351976"">here</a>.', 'East New York Elementary School of Excellence is one of 27 New York City schools on the 2015-2016 list of schools considered to be ""persistently dangerous"" by the state Department of Education, based on the number of disruptive or violent incidents. Read more <a href=""http://www.dnainfo.com/new-york/20150813/upper-west-side/number-of-persistently-dangerous-city-schools-on-decline-state-says"">here</a>.', 'I used to be a student in this school for 4 whole years and there has been cons and pros in this school but the way some people who described the cons are exaggerating I mean yeah sometimes there are fights here and then but ps 677 show leadership and nobility to one another and when it was time for my graduation I was crying I knew I was going to miss every single teacher there specially the teachers who taught me how to be a better and a more intelligent person.     Like Ms sepulveda Ms burns Mr Omar Ms Harper Ms Delgaudio    These are just a few of the amazing teachers the have all done hard work      And a special thank you to Ms touzin for being the best principal she can be ']"
19K678,"[""Malik Small is one of the most incompetent educators I have ever met. He doesn't back up his staff and is poor in dealing with parents. I once witnessed him disrespecting a parent at a graduation ceremony, leading to a fight on the most important day of many of his students lives. He is a joke."", 'i visited and it was GREAT they were so nice and open to the kids and they wasnt acting and i LOVED HOW THE STUDENTS WERE DISICPLENED AND HOW THEY WERE ENGAGED in the classwork.', 'i love this school it has lots of opportunitys and open arms to run too', 'THIS SCHOOL IS LITT BROOOOO\nI LOVE IT', 'East New York Middle School of Excellence is one of 27 New York City schools on the 2015-2016 list of schools considered to be ""persistently dangerous"" by the state Department of Education, based on the number of disruptive or violent incidents. Read more <a href=""http://www.dnainfo.com/new-york/20150813/upper-west-side/number-of-persistently-dangerous-city-schools-on-decline-state-says"">here</a>.', 'this school is a good school it gives us cubs and classes to help us and we can use thess skills in the furure I am student vice present  for the year 2014- 2015', 'carolin is right its not \nits a whole lot of things but ', 'yea believe us']"
19K760,"['hola buenas tardes soy hipatia Zambrano mama de kevin gallegos alumno Nuevo de la clase 702 mi hijo tiene una tarea me a comunicado  del professor  Mr . prokop ,le a dado un codigo la cual no podemos accede a classroom que debe hacer mi hijo.\n\\', 'Kids seem nice, and the teachers are pretty funny, Like The Scimatices teacher Ms. Braswell', 'DO NOT SEND YOUR CHILD HERE! My brother is a student here and is consistently bullied. The staff is just as bad as the bullies. They treat my brother like he is the problem. They actually told him that he needs to stop crying and learn to fight. I have NEVER heard of a school that supports violence.']"
20K030,"[""is 30 sucks the school is horrible teachers don't know how to maintain their children fights and bullying happen everyday."", 'When Mayor de Blasio announced that NYC schools would close for the first time on Muslim holiday, Eid al-Adha, he did it from PS/IS 30, where 36 percent of students were absent the last time the holiday fell on an instructional day. http://bit.ly/1FinTea', 'Chancellor Fari√±a announced 73 schools selected to join\nthe Learning Partners Program, an innovative and collaborative\ninitiative that brings schools together to share practices to improve learning\nin the classroom and raise student outcomes. Through the program, one host school with strong practices in a particular focus area will support two partner schools seeking to strengthen their own practices in that area. J.H.S. 67 Louis Pasteur was chosen to host P.S. 30 Mary White Ovington and William Carr. Read more <a href=""http://schools.nyc.gov/Offices/mediarelations/NewsandSpeeches/2014-2015/Chancellor+Fari√±a+Announces+73+Schools+in+Learning+Partners+Program+for+2014‚Äì15+School+Year.htm"">here</a>.']"
20K048,['PS48 5th year so far ITS A NIGHTMARE with non stop essays']
20K062,"['Hello, I see the reviews bad and good well here‚Äôs both of my pros and cons of how it‚Äôs going so far being in sixth grade there. My pros are that\n1- When students need help the teacher helps the student right away, and I noticed that the student got better at it.\n2- THE TEACHERS ARE NOT ‚Äúbad‚Äù they are Actully very nice and students respect the teachers for that.\n3- As a starter I alredy feel welcome, because they treat us like they knew us when we we‚Äôre born and they have a very good personality \n4- We have a big recess yard which makes it very fun to play in and you can do so many things!\n5- (not an important pro) They have vending machines and the drinks and snacks are one word AMAZING and cheap üôÇüôÇüôÇ.\n\nMy cons\n1- students were ‚Äúplay‚Äù fighting in the yard and none of the teachers did anything!\n2- I noticed students curse out loud and never get in trouble for it I mean I do understand they did it before but that‚Äôs not good! And I will admit I have cursed but not in school!\n3- (not important con) THE VENDING MACHINE DOESN‚ÄôT WORK SOMETIMES.\n4- They say phones aren‚Äôt allowed out yet when school starts I‚Äôm in the auditorium and I see students playing on there phones I mean I don‚Äôt if that‚Äôs breaking a rule cause class didn‚Äôt start yet.\n5- When we get up to get to our class we all always squished by other grades 7th grades and 8th grades and 6th\n\nSo this are my cons (bad) and pros (good) so both sides are reasonable so my point is the schools not bad, not the best school, but it‚Äôs an Ok school a and all schools have cons and pros.', 'I‚Äôm a student at ditmas jhs 62 I‚Äôm new to the school, I prefer not to mention what class I am in but this school is wonderful but people do have there own opinions, but I would say the school is wonderful because there is nice teachers, nice lunches, and students that are struggling with something or having trouble the teacher will help you. And wow the gym is huge I love it! One thing I don‚Äôt like is during lunch period sometimes the vending machine doesn‚Äôt work but that‚Äôs not the main focus, what I‚Äôm trying to say students are smart and especially if you really concentrate in class you can get a real good grade but I mean I still don‚Äôt know what‚Äôs up coming in the future.', ""The school feels like the place where your kid goes to fall through the cracks. The staff are not passionate or focused and they treat the kids more like parts of a horde than individuals. One of my son's sixth grade teachers seemed extremely incompetent and terrible, and when I went down to the school to discuss this with the assistant principal, she said she'd talk to the teacher. By the time I got home my son was already home and he was frantic. It had been just an hour since I had talked to the principal and the teacher had already been spoken to, and she had already confronted my son (in front of his friends!) and argued with him over what had happened. My son gave in and told the teacher that he must have remembered incorrectly, and came home frantic and worried and feeling sorry for the teacher. After this, we let the whole affair go. There was no point speaking to the school if this was how issues were resolved: by confront a kid and making them feel sorry for the teacher and worried for her job.\n\nIt's been a depressing experience at Ditmas Junior High so far, a lesson in how unhelpful a big, chaotic, uninspired school can be."", 'This was a great school by far my favorite. I was so disappointed to find out that the assistant principal had the nerve to get physical with one of the current students. AP Lynch had no right to do so, being that the student was not disrupting the class and getting physical is never the answer. Her behavior was uncalled for and very unprofessional. She has shown that her temper and impulsiveness at the school has tarnished the safety of the students.', 'Students from Ditmas Junior High School attended a ‚ÄúScience Day‚Äù at JFK airport to see the Solar Impulse Airplane at its final U.S. stop in the first solar-powered flight around the world. Read more <a href=""http://www.blackenterprise.com/education/science-day-at-jfk-features-lightweight-plane/"">here</a>.', 'Children from the Ditmas Junior High School class went to the White House for a coding workshop on December 8th. Read more <a href=""http://www.nydailynews.com/new-york/education/stem/nyc-kids-programming-thanks-coding-classes-article-1.2047069"">here</a>.', 'This school has a compassionate staff, and they mean well, however, the academics is way below standard.  If your child is average or even above average, they will fall behind because of the extremely slow pace.  A lot of the students are struggling and the lessons that are taught accommodate only those students.  That makes it really bad for average and above average students, they fall way behind as a result of the majority.']"
20K069,"['Its AWESOME! I love this school!\nHowever the science teacher sounds a bit mean towards the little kids..', ""PS 69 is among 9 schools in Brooklyn to get a tech upgrade. The projects were voted on by residents of District 38 and will be paid for out of City Councilman Carlos Menchaca's participatory budget process. Read more here. http://dnain.fo/1DWT3Qn"", 'NY1 visited PS 69, one of seventeen showcase schools, and saw how the school\'s strong arts program is incorporated into every subject. Watch the video <a href=""http://www.ny1.com/nyc/all-boroughs/education/2015/04/6/showcase-program-encourages-sharing-successful-teaching-practices-among-schools.html"">here</a>.', 'PS 69 Vincent D. Grippo School has been selected to showcase their robust arts program in the inaugural year of Chancellor Carmen Fari√±a‚Äôs Showcase Schools Program. The initiative is designed to promote collaboration and sharing of strong practices. Schools that excel in a specific learning focus area will host educators from other schools to share their successful structures and strategies. Read more <a href=""http://ny.chalkbeat.org/2014/10/09/farina-launches-abbreviated-version-of-her-collaboration-initiative/#.VDfkKtTF8ui"">here</a>.']"
20K102,"['MaryBeth Meenan, 2nd grade special education teacher at P.S. 102 Bayview, is one of the 17 recipients of the 2016 Big Apple Award.  The Big Apple Award is a citywide recognition program that celebrates the incredible work of New York City public school teachers.  Read more <a href=""http://schools.nyc.gov/Offices/mediarelations/NewsandSpeeches/2015-2016/Chancellor+Fari%C3%B1a+Announces+Winners+of+the+2016+Big+Apple+Awards.htm"">here</a>.', 'PS 102 is profiled in an Advocates for Children report <a href=""http://www.advocatesforchildren.org/sites/default/files/library/a_is_for_all.pdf?pt=1"">""A is for All: Meeting the Literacy Needs of Students with and without Disabilities in the New York City Public Schools""</a>.', ""2 months into kindergarten at PS 102, and very unhappy.  Some of my complaints are probably general DOE complaints, but the communication with the parents is terrible, everyone (teachers, administration, etc) give conflicting information regarding student progress and needs, and actually caught a teacher in a lie regarding child's activities.  It is impossible to try and work with this school to make any improvements, with everyone just blaming someone else (I spent 2 weeks going back and forth between the district and the school, with both claiming the other was at fault for a delay).  This school makes me want to pull my child out and homeschool, that is how horrible the last two months of my life have been."", 'We are very happy with PS 102. It is a very large school but well kept. The garden and playground are beautiful. I wish the kids got to use them everyday or more often but kindergarten does go out in the spring. Its difficult to get into the G&T program here as they only have room for the kids with the highest scores, but we find the regular classroom challenging. The class sizes need to be much smaller (my son currently has 30) and the Common Core has its own set of problems. However, the kids get gym, music, science, social studies and field trips. My son does more than I did as a first grader years ago in the suburbs. Not perfect but really very good.']"
20K104,"['im a student at 104 rite now and damnnnnn its a REALLY good school! imna miss it now that im in eight grade and graduating soon ', ""true, one teacher that i use to have years ago had the most favoritism. if u were her favorite u would pass once i wrote a better essay then someone but he got a 4+ when i got a 3 so not fair. She was rude to students and expected us to respect her. All the teachers there are like this. I was in the SP and they gave us the most homework. People might think they like us better but they hated us . They always pick on us and try to make the students hate us which was really heart breaking. There is too much bullying. If you aren't popular, then u would most likely get picked on. One of my friends in 104 currently told me that the teachers would give them the most homework and wouldn't consider what they had afterschool. Also the assistant principal  would blow the whistle directly in their ear... let me tell you it wasnt fun. My friend(s) got into the section book for no reason. One of the teachers favorite was also talking and she saw she didn't say anything but when she saw someone else talk she put them into the section book.""]"
20K105,"[""so I'm going to be honest here. While this school does provide education that is leagues ahead of other schools in it's region, the area the have a VERY ACUTE lack of expertise are child counseling/social services and the commitment to do so. They instead much rather rely on a policy of punishment shaming to set the kids in line, which only works for the short term. In the long run, this can lead to the afflicted child to develop a self-depreciating and pessimistic attitude and fear of going to school in general. Another thing that often goes under the radar is that the Teachers here are HIGHLY biased against children they perceive as troublemakers whether that is true or not. I was a former student here and I came on the receiving end of that policy. To this day in high school I am still dealing with the after-effects of my time here in this school and the lack of proper counseling measures really make me question do they actually even care about children (ages 5-10 NO LESS) who are prone to being mentally disturbed (bullying, exclusion, depression ETC). Granted this was way back in 2012 and the staff or policies may have changed but I recommend that if your child is the type to need counseling and social support, I highly dissuade you from sending your child here."", 'the school..............................................7/10', 'I am a former student of this school and this school really is a special place for me. It made me feel comfortable and needed. The teachers and staff are supportive and we get to experience other things. I have been in the globe class for 5 years and i learn to dance for Chinese new year every year. they have tech teams/clubs, dance programs, leadership teams and more. I just want to say that i love my teachers and this school.', 'PS 105 is among 9  schools in Brooklyn to get a tech upgrade. The projects were voted on by residents of District 38 and will be paid for out of City Councilman Carlos Menchaca\'s participatory budget process. Read more <a href=""http://www.dnainfo.com/new-york/20150508/red-hook/schools-win-big-2m-taxpayer-funding-for-red-hook-sunset-park"">here.</a>', ""I'm a student that went to this school before. It was really awesome. The teachers were nice and so were the students. I made a lot of friends going to this school."", 'This school is greater than china schools.My daughter went to this school 4 years. She told me send my sons to this school.\n', 'How many teachers is it in this school?\n', 'As city politicians consider making the Lunar New Year a NYC school holiday, on Friday (the Lunar New Year of 2014) PS 105 had one of the lowest attendance rates in the city, with an attendance rate of 30.33%. Read more <a href=""http://www.wnyc.org/story/city-kids-could-get-lunar-new-year-holiday/"">here</a>.', 'I have been in the program for 5 years too and just graduated during the summer this year. Being in the globe class is very challenging but is similar to learning in the average classes, although the intensity of the work is a grade higher. A lot of my friends, because of the intensity of the work for the kids in globe class, drop out of globe class into an average classroom. Not many people are able to hang on and improve in the globe class. The staff wants to know if your child is capable of doing better than being in an average classroom. trust me, knowing your kid drop out of globe class is worse than seeing that your kid can not get into globe class.']"
20K112,[]
20K127,"['PS 127 students celebrated ""Respect for All Day"" with students wearing different colors each day of the week to symbolize their sense of brotherhood. Read more <a href=""http://www.brooklyneagle.com/articles/2015/3/2/one-bay-ridge-school-respect-comes-many-different-colors"">here.</a>', 'Ilegal home conversions are causing severe over-crowding at Bensonhurst schools including PS 127. Read more <a href=""http://www.brooklynpaper.com/stories/37/47/br-overcrowded-dyker-schools-2014-11-21-bk_37_47.html#"">here.</a>', 'PS 127 celebrated Halloween in style with costume parades and contests. Read more <a href=""http://www.brooklyneagle.com/articles/2014/10/31/halloween-happiness-brooklyn‚Äôs-ps-127"">here.</a>', 'After an audit of overcrowded schools such as PS 127 by Scott Stringer\'s office, Governor Cuomo signed a law intended to alleviate overcrowding over the next several years. Read more <a href=""http://www.brooklyneagle.com/articles/2014/8/13/new-law-fixes-school-overcrowding-nyc"">here</a>.']"
20K160,"[""It's been a few years since I graduated, but it seemed like the last day of school was only yesterday. I made so many memories there both good and bad.\n\nI'll rate 9/10."", 'i went to that school when i was at there when I was small I love ms fox she is really nice', 'Went to this school a long time ago, graduated in 2008. I remember it being really strict here and you would get in trouble for doing just about everything. My little brother is currently a 4th grader here, and he is always happy to come here. The new building is really nice (wasn‚Äôt there when I was a student,) and I‚Äôm impressed that they offer violin instruction now. Although the vast majority of students here are Chinese, other races are very welcome here too. Definitely consider this school for your child!', 'There is anxiety among the many immigrant families at PS 160 since Donald Trump was elected president <a href=""http://www.nytimes.com/2016/11/22/nyregion/at-a-school-of-immigrants-challenges-reach-far-beyond-the-classroom.html?rref=collection%2Fsectioncollection%2Feducation&_r=1&utm_source=Master+Mailing+List&utm_campaign=61a3fdb735-EMAIL_CAMPAIGN_2016_11_23&utm_medium=email&utm_term=0_23e3b96952-61a3fdb735-50241921"">The New York Times</a> reports.', 'Paramedics evaluated 16 PS 160 students exhibiting flu-like symptoms, <a href=http://nypost.com/2016/11/02/brooklyn-school-disinfected-after-massive-flu-outbreak/?utm_source=Master+Mailing+List&utm_campaign=0d66ad3774-EMAIL_CAMPAIGN_2016_11_03&utm_medium=email&utm_term=0_23e3b96952-0d66ad3774-75750697>the New York Post reports</a>.', 'Despite being in a good place to accommodate new requirements for English language learners, Principal Margaret Russo says ‚Äúit was still a challenge for us.‚Äù <a href=""http://www.nytimes.com/2016/05/09/nyregion/new-york-schools-struggle-with-new-rules-to-help-students-learning-english.html?rref=collectionsectioncollectioneducation&action=click&contentCollection=education&region=rank&module=package&version=highlights&contentPlacement=1&pgtype=sectionfront&_r=1&utm_source=Master+Mailing+List&utm_campaign=db580b13c5-Rise_Shine_New_York_schools_aren_t_follo5_9_2016&utm_medium=email&utm_term=0_23e3b96952-db580b13c5-75578181"">The New York Times</a> reports on the difficulties schools face to meet the new regulations.', 'Smells of garbage all around the school']"
20K163,"[""My child is in 6th grade at PS/IS 163. This school is a huge disappointment. My child is learning nothing in Science and Social Studies in 6th grade. The reason why I say this is because the teachers are not teaching. Every class the Social Studies teacher has the students read the textbook by themselves and then answer the questions with their partners while she's busy on her computer. If they can't finish the work they bring home to finish it. Every test is either in class open book test or take home. As for the science teacher,very often he goes to the bathroom twice during one period. My child never needs to study for the tests. The tests are just copying the material from the book and move it over to the test paper. Same thing with the science teacher. Lately (soon after the Statewide Exams are over), the ELA teacher had the students read the booklet and answer the questions with their partners while she's on her computer as usual. Oh, I forgot to mention the ELA teacher teaches ELA and Social Studies while the Math teacher teaches Math and science. There are only two classes in 6th grade not including the special ed and these two teachers teaches both classes. SO, you child is doomed. If you are those parents who don't care much about your child's education. Then this school is ok for you."", 'Is this school good\n']"
20K164,"[""As a parent at PS 164 for the past 3 years, I can confirm the environment is very special.  It is so supportive and caring.  The children feel this and know the teachers and administrators care for them too.  The well balanced diversity (the school has 4-5 official languages including Bengali and Arabic) which means that every child feels included and special.  Differences are celebrated and welcome.  Ms. Steinberg is masterful at recruiting only the best teachers and keeping some traditional, yet welcome things like school uniforms and good attendance certificates.  Importantly, the school is small enough (compared to other elementary schools) so that needs of parents are addressed without too much formality. The school has amazing extracurricular programs/features that many schools do not have the funding to have such as a beautiful library with school librarian, a state of the art computer lab with Apple computers, both science AND STEAM classes, music, gym, art and others.  The PTA can use more parent involvement but has come a long way considering that the PTA was only formed a couple years ago.  Many of the families have 2 working parents so engaging them can present challenges and the strong work ethic directly shows in the classroom and school.  You know it's a good school when your child doesn't want to miss a day of school, even with a 90 minute a day commute."", 'Just want to say that Ms Steinberg is an amazing principal. The caring n nuturing environment. that she has created along with her wonderful teachers ,n staff have given my child a new outlook on school .For the first time my child is happy going to school. Iam so greatful for the hardwork n caring my child is recieving from ps164 üòÅ', 'ps164 was a great school we care for everyone, when Principal Margaret Choy-Shan left we got a surprise for her we named the playground after her named a bench after her and mariachi to play songs for her. Overall we care about everyone there.']"
20K170,"['PS 170 second graders won a ferry-naming contest; NYC ferries will now be named <a href=http://www.wnyc.org/story/new-citywide-ferry-service-gets-second-grade-touch/?utm_source=Master+Mailing+List&utm_campaign=7a0a69b210-EMAIL_CAMPAIGN_2017_04_13&utm_medium=email&utm_term=0_23e3b96952-7a0a69b210-75750697>""lunchbox,"" ""Friendship Express,"" and ""McShiny,"" WNYC reports</a>.', 'Illegal home conversions are causing severe over-crowding at some Brooklyn schools including Ralph A. Fabrizio. Read more <a href=""http://www.brooklynpaper.com/stories/37/47/br-overcrowded-dyker-schools-2014-11-21-bk_37_47.html#"">here.</a>']"
20K176,"['Dislike the teacher and school racist all they do is put the student in e s l which they don‚Äôt need it', 'A gang shooting across the street from PS 176 caused the school to be placed on a temporary lock down, <a href=http://www.nydailynews.com/new-york/brooklyn/gunman-blasts-rival-head-brooklyn-school-article-1.3150547?utm_source=Master+Mailing+List&utm_campaign=13ce223289-EMAIL_CAMPAIGN_2017_05_10&utm_medium=email&utm_term=0_23e3b96952-13ce223289-75750697>New York Daily News reports</a>.', 'Two PS 176 5th-graders win a science fiction‚Äìwriting contest that will take them to an international conference in Iowa. Read more <a href=""http://www.wnyc.org/story/students-win-sci-fi-writing-award/"">here</a>.', 'Illegal home conversions have led to extreme over-crowding at Bensonhurst schools including PS 176. Read more <a href=""http://www.brooklynpaper.com/stories/37/47/br-overcrowded-dyker-schools-2014-11-21-bk_37_47.html#"">here.</a>', 'The overcrowding crisis is especially severe at P.S. 176. The century-old building has about 1,400 students, even though the city says it\'s supposed to hold 808. The school had to give up every office to create extra classrooms. Read more <a href=""http://www.wnyc.org/story/overcrowded-and-overwhelmed-inside-ps-176/"">here</a>.', 'Students at PS 176 were among more than 100 students from 29 schools that presented ""citizen science"" experiments at the STEM Matters NYC Research Symposium at the Brooklyn Museum. Read more <a href=""http://www.nydailynews.com/new-york/education/stem/young-citizen-scientists-grade-stem-article-1.1814958"">here</a>.']"
20K179,"['""A teacher at PS 179 applied for a grant program with the Watershed Forestry Institute for Teachers to bring trout into her classroom,"" <a href=""http://brooklyn.news12.com/story/40275231/whats-cool-at-school-ps-179-students-raise-trout-in-the-classroom#.XK5Q634qUw0.twitter""> News12 Brooklyn </a> reports.', 'Ms. Corrigan has brought an environmental awareness to the students.', 'I graduated this school in 1990, good memories.', ""This school was amazing till Ms. Joseph (my 1st principal) left. Everything went downhill. 3 new assistant principals came in, didn't know what they were doing and well life sucked on my senior year. These principals were so unhelpful and apathetic,\nwhich was funny because I was on the list for Valedictorian candidates.... but seriously, they made my life hell. \nAnd during my last year of school, I was also a monitor and tutor, monitor for my old teachers because Ms. K IS DA BEST TEACHER EVER. So is Ms. Bensimon (homeroom and chorus teacher). I tutored because I saw some students doing bad (I always got 3s until they took the listening section out of the state exams) and wanted to help.\nThe thing I am getting at is that I maintained nice relationships with all of my tutor peers and believe me when I am saying this, they told me about all the terrible things that happened since I graduated in 2012.\nI was one of the only 2 students that got the IS. 187 (christa mcAuliffe) so the ride was pretty short, but I came in on a visitng day and everything changed. \nThey made the whole system more middle school like, and those that were in 5/4 grade were pretty much completley destroyed.\nTo sum it up- It was fun and great and it got destroyed after June 2012."", ""I graduated from this trash school in 2015 and yes it's exactly like you said."", 'This school was cool once but that was a very long time ago if u want a good school dont go to this one every day I say ugh I have to go to school now om graduating from this horrible school thank the lord cause this school sucks nw in going to an amazing school called Kingsborough early college secondary school A.K.A KECSS\n']"
20K180,"['is the school offering halal food in Cafeteria for kids ?', 'This school is Perfect It has free computers,lockers,food. i am a 7th grader btw', ""I agree, the regents class placement does seem very biased. My child was told all year long that it doesn't matter if you have a hundred average or an 80 average if she did not want you in her regents class you were out."", ""As a student who attends this school, I believe that this school is biased and there is a great deal of favoritism, especially with selection of the Regents class. The Regents class is supposedly open to 'the 30 highest average 7th graders' but was chosen (in 2014/2015, at least) by who was the teacher's favorite. For example, students with 96s weren't getting in while 89s were, including students with lower conduct than others and lower state assessment scores.  The Regents teacher also lied about the selection, guaranteeing placement to whomever she 'liked' and then, when the placement was done, she defended with 'I had nothing to do with the placement'.    As well as favoritism in that, teachers only select certain students (usually their class favorite) to be part of school events (the ribbon cutting ceremony, enrichment, monitoring) and give extra credit for no reason. The teachers at this school, as well, lack patience and often do not grade assignments but rather grade solely on, once more, favoritism. Also, whenever a student protests something formally (not rudely or by confrontation) they are immediately lectured and reprimanded.  When a parent or guardian contacts an assistant principal, they literally respond with, 'please do not bring this up again. What's done is done'."", 'Does this school give free lunch', 'Does this school have lockers', 'SEALL student wins national award for handwriting. <a href=""http://www.brooklyneagle.com/articles/brooklyn-boy-wins-handwriting-contest"">Read more here.</a>', '10 years later the same problem still persists']"
